lof_csq_collapsed,Singletons,Expected_Singletons,N_variants,PS,MAPS,MAPS_Sem,downsampling,population
HC,199,1.4798e+02,307,6.4821e-01,1.6619e-01,2.7254e-02,10,global
HC,301,2.3258e+02,487,6.1807e-01,1.4050e-01,2.2016e-02,20,global
HC,547,4.0507e+02,846,6.4657e-01,1.6776e-01,1.6435e-02,50,global
HC,847,6.1410e+02,1284,6.5966e-01,1.8138e-01,1.3223e-02,100,global
HC,1225,8.5125e+02,1791,6.8398e-01,2.0868e-01,1.0986e-02,158,global
HC,1462,1.0066e+03,2122,6.8897e-01,2.1461e-01,1.0049e-02,200,global
HC,2629,1.7536e+03,3713,7.0805e-01,2.3576e-01,7.4614e-03,456,global
HC,2848,1.8926e+03,3999,7.1218e-01,2.3891e-01,7.1595e-03,500,global
HC,4906,3.1418e+03,6635,7.3941e-01,2.6590e-01,5.3889e-03,1000,global
HC,5115,3.2582e+03,6884,7.4303e-01,2.6973e-01,5.2665e-03,1047,global
HC,7492,4.7222e+03,10007,7.4868e-01,2.7678e-01,4.3362e-03,1736,global
HC,8330,5.2454e+03,11118,7.4924e-01,2.7744e-01,4.1108e-03,2000,global
HC,9593,5.9987e+03,12738,7.5310e-01,2.8218e-01,3.8206e-03,2419,global
HC,10140,6.3395e+03,13450,7.5390e-01,2.8257e-01,3.7141e-03,2604,global
HC,16537,1.0361e+04,21900,7.5511e-01,2.8201e-01,2.9058e-03,5000,global
HC,17305,1.0848e+04,22925,7.5485e-01,2.8166e-01,2.8411e-03,5316,global
HC,22491,1.4258e+04,30038,7.4875e-01,2.7407e-01,2.5026e-03,7647,global
HC,27299,1.7479e+04,36719,7.4346e-01,2.6744e-01,2.2791e-03,10000,global
HC,36241,2.3718e+04,49482,7.3241e-01,2.5308e-01,1.9902e-03,15000,global
HC,43942,2.9411e+04,61061,7.1964e-01,2.3797e-01,1.8177e-03,20000,global
HC,45113,3.0227e+04,62706,7.1944e-01,2.3739e-01,1.7941e-03,20744,global
HC,51100,3.4784e+04,71851,7.1119e-01,2.2708e-01,1.6908e-03,25000,global
HC,57376,3.9773e+04,81809,7.0134e-01,2.1517e-01,1.6001e-03,30000,global
HC,62021,4.3537e+04,89283,6.9466e-01,2.0703e-01,1.5413e-03,34029,global
HC,68381,4.8866e+04,99808,6.8513e-01,1.9553e-01,1.4702e-03,40000,global
HC,77764,5.7094e+04,115879,6.7108e-01,1.7838e-01,1.3802e-03,50000,global
HC,86469,6.4861e+04,130946,6.6034e-01,1.6501e-01,1.3088e-03,60000,global
HC,94176,7.1992e+04,144723,6.5073e-01,1.5328e-01,1.2532e-03,70000,global
HC,97813,7.5406e+04,151287,6.4654e-01,1.4811e-01,1.2290e-03,75000,global
HC,138,1.1732e+02,241,5.7261e-01,8.5822e-02,3.1866e-02,10,nfe
HC,105,1.0924e+02,224,4.6875e-01,-1.8918e-02,3.3342e-02,10,fin
HC,156,1.2538e+02,266,5.8647e-01,1.1509e-01,3.0195e-02,10,mid
HC,183,1.4256e+02,296,6.1824e-01,1.3662e-01,2.8238e-02,10,oth
HC,86,1.0084e+02,206,4.1748e-01,-7.2028e-02,3.4359e-02,10,ami
HC,130,1.1964e+02,249,5.2209e-01,4.1595e-02,3.1655e-02,10,asj
HC,218,1.7216e+02,361,6.0388e-01,1.2698e-01,2.5742e-02,10,afr
HC,144,1.2155e+02,253,5.6917e-01,8.8728e-02,3.1132e-02,10,eas
HC,151,1.2733e+02,261,5.7854e-01,9.0672e-02,3.0565e-02,10,sas
HC,139,1.2437e+02,253,5.4941e-01,5.7819e-02,3.1281e-02,10,amr
HC,197,1.6853e+02,347,5.6772e-01,8.2055e-02,2.6594e-02,20,nfe
HC,164,1.5713e+02,328,5.0000e-01,2.0932e-02,2.7608e-02,20,fin
HC,240,1.8876e+02,400,6.0000e-01,1.2810e-01,2.4495e-02,20,mid
HC,283,2.1126e+02,437,6.4760e-01,1.6416e-01,2.2852e-02,20,oth
HC,107,1.3352e+02,277,3.8628e-01,-9.5738e-02,2.9255e-02,20,ami
HC,184,1.6499e+02,347,5.3026e-01,5.4793e-02,2.6792e-02,20,asj
HC,306,2.4823e+02,518,5.9073e-01,1.1152e-01,2.1604e-02,20,afr
HC,240,1.8753e+02,384,6.2500e-01,1.3663e-01,2.4705e-02,20,eas
HC,216,1.8010e+02,375,5.7600e-01,9.5739e-02,2.5520e-02,20,sas
HC,238,1.8993e+02,398,5.9799e-01,1.2078e-01,2.4577e-02,20,amr
HC,400,2.9914e+02,620,6.4516e-01,1.6268e-01,1.9216e-02,50,nfe
HC,227,2.3755e+02,495,4.5859e-01,-2.1315e-02,2.2396e-02,50,fin
HC,454,3.3560e+02,709,6.4034e-01,1.6699e-01,1.8023e-02,50,mid
HC,540,3.9358e+02,824,6.5534e-01,1.7769e-01,1.6556e-02,50,oth
HC,119,1.8202e+02,380,3.1316e-01,-1.6585e-01,2.3791e-02,50,ami
HC,285,2.6152e+02,553,5.1537e-01,4.2453e-02,2.1252e-02,50,asj
HC,518,4.2565e+02,879,5.8931e-01,1.0507e-01,1.6593e-02,50,afr
HC,462,3.3165e+02,692,6.6763e-01,1.8836e-01,1.7907e-02,50,eas
HC,476,3.3720e+02,711,6.6948e-01,1.9522e-01,1.7641e-02,50,sas
HC,481,3.4985e+02,736,6.5353e-01,1.7820e-01,1.7540e-02,50,amr
HC,640,4.6341e+02,969,6.6047e-01,1.8224e-01,1.5213e-02,100,nfe
HC,356,3.4510e+02,723,4.9239e-01,1.5070e-02,1.8593e-02,100,fin
HC,688,5.0783e+02,1068,6.4419e-01,1.6870e-01,1.4650e-02,100,mid
HC,888,6.1050e+02,1287,6.8998e-01,2.1562e-01,1.2892e-02,100,oth
HC,120,2.1768e+02,458,2.6201e-01,-2.1328e-01,2.0547e-02,100,ami
HC,414,3.8482e+02,817,5.0673e-01,3.5715e-02,1.7491e-02,100,asj
HC,828,6.4772e+02,1356,6.1062e-01,1.3295e-01,1.3242e-02,100,afr
HC,776,5.1643e+02,1084,7.1587e-01,2.3946e-01,1.3698e-02,100,eas
HC,803,5.4027e+02,1146,7.0070e-01,2.2926e-01,1.3528e-02,100,sas
HC,805,5.5619e+02,1177,6.8394e-01,2.1139e-01,1.3552e-02,100,amr
HC,942,6.4429e+02,1353,6.9623e-01,2.2004e-01,1.2503e-02,158,nfe
HC,459,4.3682e+02,917,5.0055e-01,2.4191e-02,1.6511e-02,158,fin
HC,931,6.7285e+02,1421,6.5517e-01,1.8167e-01,1.2609e-02,158,mid
HC,1267,8.4589e+02,1782,7.1100e-01,2.3631e-01,1.0738e-02,158,oth
HC,122,2.4255e+02,511,2.3875e-01,-2.3591e-01,1.8859e-02,158,ami
HC,498,4.7821e+02,1023,4.8680e-01,1.9348e-02,1.5627e-02,158,asj
HC,1131,8.5430e+02,1799,6.2868e-01,1.5381e-01,1.1391e-02,158,afr
HC,1110,7.0922e+02,1510,7.3510e-01,2.6542e-01,1.1356e-02,158,eas
HC,1161,7.6423e+02,1612,7.2022e-01,2.4613e-01,1.1180e-02,158,sas
HC,1135,7.6869e+02,1630,6.9632e-01,2.2473e-01,1.1390e-02,158,amr
HC,1157,7.7307e+02,1620,7.1420e-01,2.3699e-01,1.1225e-02,200,nfe
HC,540,4.9879e+02,1044,5.1724e-01,3.9474e-02,1.5465e-02,200,fin
HC,1483,9.9139e+02,2094,7.0821e-01,2.3477e-01,9.9340e-03,200,oth
HC,112,2.5271e+02,534,2.0974e-01,-2.6350e-01,1.7618e-02,200,ami
HC,569,5.4238e+02,1159,4.9094e-01,2.2969e-02,1.4684e-02,200,asj
HC,1358,9.9970e+02,2108,6.4421e-01,1.6997e-01,1.0427e-02,200,afr
HC,1310,8.3179e+02,1776,7.3761e-01,2.6926e-01,1.0439e-02,200,eas
HC,1382,9.0161e+02,1902,7.2660e-01,2.5257e-01,1.0220e-02,200,sas
HC,1322,8.9283e+02,1887,7.0058e-01,2.2744e-01,1.0543e-02,200,amr
HC,2178,1.3831e+03,2922,7.4538e-01,2.7205e-01,8.0593e-03,456,nfe
HC,901,7.6973e+02,1621,5.5583e-01,8.0983e-02,1.2341e-02,456,fin
HC,2654,1.7583e+03,3705,7.1633e-01,2.4177e-01,7.4058e-03,456,oth
HC,138,2.9862e+02,632,2.1835e-01,-2.5415e-01,1.6433e-02,456,ami
HC,796,7.9889e+02,1709,4.6577e-01,-1.6893e-03,1.2066e-02,456,asj
HC,2442,1.7073e+03,3613,6.7589e-01,2.0335e-01,7.7866e-03,456,afr
HC,2439,1.5216e+03,3258,7.4862e-01,2.8159e-01,7.6001e-03,456,eas
HC,2562,1.6181e+03,3454,7.4175e-01,2.7327e-01,7.4471e-03,456,sas
HC,2230,1.5344e+03,3251,6.8594e-01,2.1398e-01,8.1403e-03,456,amr
HC,2368,1.4912e+03,3156,7.5032e-01,2.7781e-01,7.7046e-03,500,nfe
HC,948,8.0924e+02,1709,5.5471e-01,8.1191e-02,1.2022e-02,500,fin
HC,2822,1.8669e+03,3931,7.1788e-01,2.4297e-01,7.1778e-03,500,oth
HC,826,8.3360e+02,1785,4.6275e-01,-4.2563e-03,1.1802e-02,500,asj
HC,2597,1.8137e+03,3835,6.7718e-01,2.0426e-01,7.5500e-03,500,afr
HC,2608,1.6303e+03,3483,7.4878e-01,2.8070e-01,7.3490e-03,500,eas
HC,2744,1.7293e+03,3688,7.4403e-01,2.7513e-01,7.1861e-03,500,sas
HC,2388,1.6457e+03,3482,6.8581e-01,2.1318e-01,7.8665e-03,500,amr
HC,4137,2.4806e+03,5306,7.7968e-01,3.1218e-01,5.6898e-03,1000,nfe
HC,1467,1.1845e+03,2515,5.8330e-01,1.1233e-01,9.8308e-03,1000,fin
HC,4725,3.0797e+03,6507,7.2614e-01,2.5286e-01,5.5282e-03,1000,oth
HC,1147,1.1436e+03,2445,4.6912e-01,1.4065e-03,1.0093e-02,1000,asj
HC,4418,2.9197e+03,6222,7.1006e-01,2.4081e-01,5.7522e-03,1000,afr
HC,4450,2.7396e+03,5849,7.6081e-01,2.9243e-01,5.5778e-03,1000,eas
HC,4620,2.9015e+03,6188,7.4661e-01,2.7771e-01,5.5293e-03,1000,sas
HC,3678,2.5898e+03,5483,6.7080e-01,1.9846e-01,6.3462e-03,1000,amr
HC,4283,2.5642e+03,5488,7.8043e-01,3.1320e-01,5.5879e-03,1047,nfe
HC,1501,1.2142e+03,2579,5.8201e-01,1.1119e-01,9.7123e-03,1047,fin
HC,4879,3.1752e+03,6711,7.2702e-01,2.5388e-01,5.4381e-03,1047,oth
HC,1176,1.1698e+03,2500,4.7040e-01,2.4996e-03,9.9825e-03,1047,asj
HC,4551,3.0115e+03,6410,7.0998e-01,2.4018e-01,5.6677e-03,1047,afr
HC,4607,2.8309e+03,6058,7.6048e-01,2.9318e-01,5.4834e-03,1047,eas
HC,4755,2.9878e+03,6372,7.4623e-01,2.7734e-01,5.4515e-03,1047,sas
HC,3792,2.6637e+03,5639,6.7246e-01,2.0009e-01,6.2498e-03,1047,amr
HC,6424,3.7978e+03,8127,7.9045e-01,3.2314e-01,4.5146e-03,1736,nfe
HC,2101,1.6474e+03,3506,5.9926e-01,1.2938e-01,8.2762e-03,1736,fin
HC,1630,1.5110e+03,3224,5.0558e-01,3.6897e-02,8.8053e-03,1736,asj
HC,6695,4.3252e+03,9233,7.2512e-01,2.5666e-01,4.6463e-03,1736,afr
HC,6660,4.1342e+03,8833,7.5399e-01,2.8595e-01,4.5825e-03,1736,eas
HC,6946,4.3632e+03,9317,7.4552e-01,2.7722e-01,4.5125e-03,1736,sas
HC,5287,3.7168e+03,7869,6.7188e-01,1.9955e-01,5.2930e-03,1736,amr
HC,7224,4.2658e+03,9099,7.9393e-01,3.2511e-01,4.2403e-03,2000,nfe
HC,2278,1.7866e+03,3805,5.9869e-01,1.2916e-01,7.9463e-03,2000,fin
HC,7363,4.7791e+03,10186,7.2285e-01,2.5368e-01,4.4348e-03,2000,afr
HC,7434,4.6236e+03,9857,7.5418e-01,2.8512e-01,4.3368e-03,2000,eas
HC,7732,4.8635e+03,10390,7.4418e-01,2.7608e-01,4.2806e-03,2000,sas
HC,5816,4.0809e+03,8658,6.7175e-01,2.0040e-01,5.0466e-03,2000,amr
HC,8376,4.9502e+03,10538,7.9484e-01,3.2509e-01,3.9338e-03,2419,nfe
HC,2632,2.0114e+03,4287,6.1395e-01,1.4476e-01,7.4355e-03,2419,fin
HC,8504,5.5060e+03,11713,7.2603e-01,2.5595e-01,4.1209e-03,2419,afr
HC,8544,5.3216e+03,11337,7.5364e-01,2.8424e-01,4.0469e-03,2419,eas
HC,8962,5.6541e+03,12058,7.4324e-01,2.7433e-01,3.9782e-03,2419,sas
HC,6644,4.6551e+03,9873,6.7295e-01,2.0145e-01,4.7214e-03,2419,amr
HC,8850,5.2355e+03,11138,7.9458e-01,3.2452e-01,3.8281e-03,2604,nfe
HC,2757,2.1038e+03,4483,6.1499e-01,1.4571e-01,7.2675e-03,2604,fin
HC,8953,5.7941e+03,12346,7.2517e-01,2.5587e-01,4.0178e-03,2604,afr
HC,8965,5.6116e+03,11935,7.5115e-01,2.8097e-01,3.9575e-03,2604,eas
HC,6990,4.9062e+03,10401,6.7205e-01,2.0034e-01,4.6033e-03,2604,amr
HC,14687,8.7732e+03,18645,7.8772e-01,3.1718e-01,2.9948e-03,5000,nfe
HC,4192,3.1225e+03,6655,6.2990e-01,1.6070e-01,5.9186e-03,5000,fin
HC,14127,9.2966e+03,19693,7.1736e-01,2.4528e-01,3.2087e-03,5000,afr
HC,10891,7.7156e+03,16289,6.6861e-01,1.9494e-01,3.6882e-03,5000,amr
HC,15399,9.2126e+03,19577,7.8659e-01,3.1600e-01,2.9283e-03,5316,nfe
HC,4376,3.2518e+03,6936,6.3091e-01,1.6208e-01,5.7942e-03,5316,fin
HC,14806,9.7526e+03,20655,7.1682e-01,2.4466e-01,3.1349e-03,5316,afr
HC,11296,8.0246e+03,16946,6.6659e-01,1.9305e-01,3.6215e-03,5316,amr
HC,20362,1.2372e+04,26232,7.7623e-01,3.0460e-01,2.5733e-03,7647,nfe
HC,19004,1.2735e+04,26917,7.0602e-01,2.3289e-01,2.7769e-03,7647,afr
HC,14417,1.0248e+04,21615,6.6699e-01,1.9286e-01,3.2056e-03,7647,amr
HC,24737,1.5275e+04,32307,7.6569e-01,2.9288e-01,2.3565e-03,10000,nfe
HC,22461,1.5376e+04,32437,6.9245e-01,2.1842e-01,2.5623e-03,10000,afr
HC,32705,2.0898e+04,43878,7.4536e-01,2.6908e-01,2.0798e-03,15000,nfe
HC,28500,2.0373e+04,42781,6.6618e-01,1.8997e-01,2.2800e-03,15000,afr
HC,39436,2.5901e+04,54117,7.2872e-01,2.5010e-01,1.9113e-03,20000,nfe
HC,33121,2.4601e+04,51453,6.4371e-01,1.6559e-01,2.1113e-03,20000,afr
HC,40311,2.6589e+04,55515,7.2613e-01,2.4717e-01,1.8927e-03,20744,nfe
HC,33824,2.5219e+04,52715,6.4164e-01,1.6323e-01,2.0885e-03,20744,afr
HC,45395,3.0558e+04,63575,7.1404e-01,2.3337e-01,1.7921e-03,25000,nfe
HC,50564,3.4827e+04,72182,7.0051e-01,2.1801e-01,1.7048e-03,30000,nfe
HC,54519,3.8100e+04,78756,6.9225e-01,2.0848e-01,1.6447e-03,34029,nfe
LC,60,7.0294e+01,140,4.2857e-01,-7.3532e-02,4.1824e-02,10,global
LC,99,1.0412e+02,207,4.7826e-01,-2.4736e-02,3.4720e-02,20,global
LC,136,1.4699e+02,298,4.5638e-01,-3.6879e-02,2.8854e-02,50,global
LC,183,1.9035e+02,390,4.6923e-01,-1.8839e-02,2.5270e-02,100,global
LC,227,2.4345e+02,494,4.5951e-01,-3.3292e-02,2.2422e-02,158,global
LC,268,2.7629e+02,560,4.7857e-01,-1.4801e-02,2.1109e-02,200,global
LC,471,4.2272e+02,876,5.3767e-01,5.5115e-02,1.6845e-02,456,global
LC,506,4.4626e+02,924,5.4762e-01,6.4650e-02,1.6374e-02,500,global
LC,813,6.7097e+02,1391,5.8447e-01,1.0210e-01,1.3214e-02,1000,global
LC,838,6.8772e+02,1427,5.8725e-01,1.0531e-01,1.3033e-02,1047,global
LC,1174,9.2620e+02,1923,6.1050e-01,1.2886e-01,1.1120e-02,1736,global
LC,1284,1.0056e+03,2087,6.1524e-01,1.3340e-01,1.0650e-02,2000,global
LC,1446,1.1237e+03,2327,6.2140e-01,1.3849e-01,1.0055e-02,2419,global
LC,1521,1.1780e+03,2436,6.2438e-01,1.4081e-01,9.8120e-03,2604,global
LC,2314,1.7860e+03,3675,6.2966e-01,1.4367e-01,7.9657e-03,5000,global
LC,2409,1.8584e+03,3821,6.3046e-01,1.4411e-01,7.8085e-03,5316,global
LC,3103,2.3796e+03,4854,6.3927e-01,1.4904e-01,6.8926e-03,7647,global
LC,3653,2.8247e+03,5753,6.3497e-01,1.4398e-01,6.3474e-03,10000,global
LC,4739,3.7012e+03,7501,6.3178e-01,1.3835e-01,5.5690e-03,15000,global
LC,5642,4.4580e+03,8997,6.2710e-01,1.3159e-01,5.0982e-03,20000,global
LC,5775,4.5776e+03,9229,6.2574e-01,1.2974e-01,5.0374e-03,20744,global
LC,6417,5.1662e+03,10357,6.1958e-01,1.2077e-01,4.7705e-03,25000,global
LC,7130,5.8132e+03,11599,6.1471e-01,1.1353e-01,4.5188e-03,30000,global
LC,7643,6.3046e+03,12543,6.0934e-01,1.0670e-01,4.3564e-03,34029,global
LC,8389,7.0191e+03,13897,6.0366e-01,9.8573e-02,4.1493e-03,40000,global
LC,9483,8.1088e+03,15956,5.9432e-01,8.6123e-02,3.8872e-03,50000,global
LC,10408,9.0783e+03,17780,5.8538e-01,7.4788e-02,3.6947e-03,60000,global
LC,11190,9.9704e+03,19437,5.7571e-01,6.2748e-02,3.5450e-03,70000,global
LC,11560,1.0388e+04,20213,5.7191e-01,5.7961e-02,3.4803e-03,75000,global
LC,40,5.9551e+01,119,3.3613e-01,-1.6429e-01,4.3304e-02,10,nfe
LC,42,5.7991e+01,116,3.6207e-01,-1.3785e-01,4.4622e-02,10,fin
LC,46,6.5625e+01,129,3.5659e-01,-1.5213e-01,4.2173e-02,10,mid
LC,59,6.9475e+01,135,4.3704e-01,-7.7593e-02,4.2691e-02,10,oth
LC,22,5.2461e+01,101,2.1782e-01,-3.0159e-01,4.1072e-02,10,ami
LC,36,5.7347e+01,113,3.1858e-01,-1.8891e-01,4.3831e-02,10,asj
LC,70,8.2790e+01,164,4.2683e-01,-7.7987e-02,3.8623e-02,10,afr
LC,27,5.1604e+01,101,2.6733e-01,-2.4360e-01,4.4037e-02,10,eas
LC,53,6.4373e+01,126,4.2063e-01,-9.0263e-02,4.3979e-02,10,sas
LC,46,6.4601e+01,128,3.5938e-01,-1.4532e-01,4.2410e-02,10,amr
LC,40,7.0793e+01,142,2.8169e-01,-2.1685e-01,3.7748e-02,20,nfe
LC,46,6.7630e+01,136,3.3824e-01,-1.5904e-01,4.0569e-02,20,fin
LC,75,9.0818e+01,178,4.2135e-01,-8.8865e-02,3.7010e-02,20,mid
LC,88,9.2886e+01,183,4.8087e-01,-2.6700e-02,3.6934e-02,20,oth
LC,20,6.0105e+01,116,1.7241e-01,-3.4573e-01,3.5072e-02,20,ami
LC,48,7.3447e+01,146,3.2877e-01,-1.7429e-01,3.8878e-02,20,asj
LC,80,1.0701e+02,215,3.7209e-01,-1.2562e-01,3.2965e-02,20,afr
LC,45,6.6793e+01,131,3.4351e-01,-1.6636e-01,4.1490e-02,20,eas
LC,77,8.3582e+01,169,4.5562e-01,-3.8948e-02,3.8310e-02,20,sas
LC,61,8.2576e+01,164,3.7195e-01,-1.3156e-01,3.7741e-02,20,amr
LC,85,1.0062e+02,206,4.1262e-01,-7.5820e-02,3.4301e-02,50,nfe
LC,58,8.7897e+01,176,3.2955e-01,-1.6987e-01,3.5431e-02,50,fin
LC,109,1.2200e+02,246,4.4309e-01,-5.2845e-02,3.1672e-02,50,mid
LC,147,1.4163e+02,288,5.1042e-01,1.8644e-02,2.9456e-02,50,oth
LC,26,7.3526e+01,144,1.8056e-01,-3.3004e-01,3.2054e-02,50,ami
LC,81,1.0767e+02,215,3.7674e-01,-1.2404e-01,3.3047e-02,50,asj
LC,113,1.5550e+02,311,3.6334e-01,-1.3665e-01,2.7273e-02,50,afr
LC,86,9.7797e+01,194,4.4330e-01,-6.0808e-02,3.5666e-02,50,eas
LC,130,1.2846e+02,259,5.0193e-01,5.9296e-03,3.1068e-02,50,sas
LC,112,1.1939e+02,244,4.5902e-01,-3.0277e-02,3.1902e-02,50,amr
LC,118,1.3210e+02,268,4.4030e-01,-5.2619e-02,3.0324e-02,100,nfe
LC,74,1.0712e+02,217,3.4101e-01,-1.5260e-01,3.2181e-02,100,fin
LC,160,1.7045e+02,349,4.5845e-01,-2.9947e-02,2.6672e-02,100,mid
LC,209,1.9707e+02,406,5.1478e-01,2.9388e-02,2.4804e-02,100,oth
LC,25,8.1862e+01,160,1.5625e-01,-3.5539e-01,2.8705e-02,100,ami
LC,95,1.3302e+02,264,3.5985e-01,-1.4403e-01,2.9539e-02,100,asj
LC,188,2.1445e+02,435,4.3218e-01,-6.0799e-02,2.3752e-02,100,afr
LC,115,1.2501e+02,255,4.5098e-01,-3.9238e-02,3.1160e-02,100,eas
LC,195,1.8000e+02,362,5.3867e-01,4.1450e-02,2.6201e-02,100,sas
LC,176,1.7393e+02,351,5.0142e-01,5.8940e-03,2.6688e-02,100,amr
LC,153,1.6188e+02,330,4.6364e-01,-2.6913e-02,2.7451e-02,158,nfe
LC,81,1.2084e+02,245,3.3061e-01,-1.6260e-01,3.0055e-02,158,fin
LC,195,2.0935e+02,426,4.5775e-01,-3.3688e-02,2.4138e-02,158,mid
LC,272,2.5061e+02,513,5.3021e-01,4.1690e-02,2.2035e-02,158,oth
LC,31,9.0469e+01,178,1.7416e-01,-3.3410e-01,2.8426e-02,158,ami
LC,101,1.5229e+02,307,3.2899e-01,-1.6706e-01,2.6816e-02,158,asj
LC,241,2.6383e+02,536,4.4963e-01,-4.2593e-02,2.1487e-02,158,afr
LC,176,1.6404e+02,336,5.2381e-01,3.5583e-02,2.7246e-02,158,eas
LC,239,2.1879e+02,440,5.4318e-01,4.5921e-02,2.3748e-02,158,sas
LC,237,2.2747e+02,462,5.1299e-01,2.0624e-02,2.3254e-02,158,amr
LC,189,1.8583e+02,381,4.9606e-01,8.3234e-03,2.5615e-02,200,nfe
LC,82,1.2822e+02,260,3.1538e-01,-1.7775e-01,2.8818e-02,200,fin
LC,318,2.8420e+02,591,5.3807e-01,5.7185e-02,2.0508e-02,200,oth
LC,31,9.2687e+01,182,1.7033e-01,-3.3894e-01,2.7865e-02,200,ami
LC,108,1.6279e+02,332,3.2530e-01,-1.6504e-01,2.5712e-02,200,asj
LC,276,2.9018e+02,592,4.6622e-01,-2.3952e-02,2.0503e-02,200,afr
LC,206,1.8432e+02,382,5.3927e-01,5.6762e-02,2.5503e-02,200,eas
LC,267,2.4525e+02,492,5.4268e-01,4.4216e-02,2.2459e-02,200,sas
LC,263,2.5143e+02,511,5.1468e-01,2.2636e-02,2.2109e-02,200,amr
LC,377,3.0171e+02,627,6.0128e-01,1.2008e-01,1.9554e-02,456,nfe
LC,121,1.6551e+02,336,3.6012e-01,-1.3248e-01,2.6188e-02,456,fin
LC,500,4.3013e+02,891,5.6117e-01,7.8418e-02,1.6625e-02,456,oth
LC,32,1.0202e+02,200,1.6000e-01,-3.5012e-01,2.5923e-02,456,ami
LC,133,2.0682e+02,428,3.1075e-01,-1.7248e-01,2.2370e-02,456,asj
LC,419,4.2117e+02,867,4.8328e-01,-2.5086e-03,1.6971e-02,456,afr
LC,424,3.2268e+02,668,6.3473e-01,1.5167e-01,1.8630e-02,456,eas
LC,470,3.9665e+02,810,5.8025e-01,9.0558e-02,1.7340e-02,456,sas
LC,414,3.8679e+02,793,5.2207e-01,3.4309e-02,1.7738e-02,456,amr
LC,404,3.2129e+02,667,6.0570e-01,1.2401e-01,1.8923e-02,500,nfe
LC,130,1.7404e+02,353,3.6827e-01,-1.2476e-01,2.5672e-02,500,fin
LC,536,4.5352e+02,940,5.7021e-01,8.7747e-02,1.6147e-02,500,oth
LC,137,2.1346e+02,441,3.1066e-01,-1.7338e-01,2.2036e-02,500,asj
LC,440,4.3834e+02,902,4.8780e-01,1.8404e-03,1.6643e-02,500,afr
LC,457,3.4201e+02,709,6.4457e-01,1.6218e-01,1.7976e-02,500,eas
LC,501,4.2074e+02,858,5.8392e-01,9.3548e-02,1.6828e-02,500,sas
LC,437,4.0258e+02,828,5.2778e-01,4.1573e-02,1.7349e-02,500,amr
LC,665,4.7852e+02,1000,6.6500e-01,1.8648e-01,1.4926e-02,1000,nfe
LC,174,2.1747e+02,443,3.9278e-01,-9.8121e-02,2.3203e-02,1000,fin
LC,758,6.5535e+02,1361,5.5694e-01,7.5422e-02,1.3465e-02,1000,oth
LC,164,2.6141e+02,537,3.0540e-01,-1.8140e-01,1.9875e-02,1000,asj
LC,679,6.3946e+02,1318,5.1517e-01,3.0001e-02,1.3766e-02,1000,afr
LC,700,5.2567e+02,1097,6.3810e-01,1.5892e-01,1.4509e-02,1000,eas
LC,769,6.1272e+02,1272,6.0456e-01,1.2286e-01,1.3709e-02,1000,sas
LC,622,5.7147e+02,1186,5.2445e-01,4.2607e-02,1.4501e-02,1000,amr
LC,696,4.9488e+02,1035,6.7246e-01,1.9432e-01,1.4588e-02,1047,nfe
LC,176,2.2216e+02,452,3.8938e-01,-1.0213e-01,2.2935e-02,1047,fin
LC,789,6.7416e+02,1402,5.6277e-01,8.1908e-02,1.3248e-02,1047,oth
LC,167,2.6724e+02,548,3.0474e-01,-1.8292e-01,1.9663e-02,1047,asj
LC,691,6.5117e+02,1343,5.1452e-01,2.9656e-02,1.3638e-02,1047,afr
LC,718,5.4328e+02,1132,6.3428e-01,1.5434e-01,1.4315e-02,1047,eas
LC,809,6.3912e+02,1327,6.0965e-01,1.2802e-01,1.3392e-02,1047,sas
LC,654,5.9036e+02,1227,5.3301e-01,5.1866e-02,1.4243e-02,1047,amr
LC,950,6.7490e+02,1402,6.7760e-01,1.9622e-01,1.2483e-02,1736,nfe
LC,241,2.7721e+02,567,4.2504e-01,-6.3857e-02,2.0761e-02,1736,fin
LC,186,3.0084e+02,624,2.9808e-01,-1.8403e-01,1.8311e-02,1736,asj
LC,983,8.6933e+02,1796,5.4733e-01,6.3289e-02,1.1745e-02,1736,afr
LC,1006,7.5243e+02,1565,6.4281e-01,1.6203e-01,1.2112e-02,1736,eas
LC,1106,8.7101e+02,1801,6.1410e-01,1.3048e-01,1.1471e-02,1736,sas
LC,858,7.5982e+02,1580,5.4304e-01,6.2142e-02,1.2532e-02,1736,amr
LC,1036,7.3326e+02,1527,6.7845e-01,1.9826e-01,1.1953e-02,2000,nfe
LC,258,2.9333e+02,601,4.2928e-01,-5.8792e-02,2.0190e-02,2000,fin
LC,1059,9.3438e+02,1928,5.4927e-01,6.4638e-02,1.1332e-02,2000,afr
LC,1096,8.1980e+02,1711,6.4056e-01,1.6143e-01,1.1600e-02,2000,eas
LC,1210,9.4509e+02,1950,6.2051e-01,1.3585e-01,1.0989e-02,2000,sas
LC,908,8.1082e+02,1687,5.3823e-01,5.7605e-02,1.2138e-02,2000,amr
LC,1171,8.2892e+02,1727,6.7805e-01,1.9808e-01,1.1243e-02,2419,nfe
LC,294,3.2228e+02,659,4.4613e-01,-4.2909e-02,1.9364e-02,2419,fin
LC,1203,1.0489e+03,2161,5.5669e-01,7.1288e-02,1.0686e-02,2419,afr
LC,1256,9.2878e+02,1930,6.5078e-01,1.6954e-01,1.0851e-02,2419,eas
LC,1373,1.0661e+03,2197,6.2494e-01,1.3969e-01,1.0329e-02,2419,sas
LC,1005,8.9052e+02,1851,5.4295e-01,6.1848e-02,1.1579e-02,2419,amr
LC,1243,8.7316e+02,1814,6.8523e-01,2.0388e-01,1.0904e-02,2604,nfe
LC,311,3.3359e+02,681,4.5668e-01,-3.3178e-02,1.9088e-02,2604,fin
LC,1262,1.0967e+03,2256,5.5940e-01,7.3284e-02,1.0452e-02,2604,afr
LC,1307,9.6628e+02,2010,6.5025e-01,1.6951e-01,1.0637e-02,2604,eas
LC,1059,9.2978e+02,1934,5.4757e-01,6.6816e-02,1.1318e-02,2604,amr
LC,1977,1.3863e+03,2866,6.8981e-01,2.0611e-01,8.6405e-03,5000,nfe
LC,498,4.6972e+02,968,5.1446e-01,2.9215e-02,1.6064e-02,5000,fin
LC,1904,1.5958e+03,3274,5.8155e-01,9.4128e-02,8.6214e-03,5000,afr
LC,1619,1.3887e+03,2874,5.6333e-01,8.0121e-02,9.2516e-03,5000,amr
LC,2049,1.4458e+03,2989,6.8551e-01,2.0180e-01,8.4927e-03,5316,nfe
LC,509,4.8133e+02,994,5.1207e-01,2.7842e-02,1.5854e-02,5316,fin
LC,1990,1.6611e+03,3410,5.8358e-01,9.6458e-02,8.4419e-03,5316,afr
LC,1666,1.4347e+03,2966,5.6170e-01,7.7984e-02,9.1107e-03,5316,amr
LC,2677,1.8884e+03,3895,6.8729e-01,2.0246e-01,7.4283e-03,7647,nfe
LC,2448,2.0492e+03,4191,5.8411e-01,9.5166e-02,7.6134e-03,7647,afr
LC,2058,1.7748e+03,3664,5.6168e-01,7.7295e-02,8.1971e-03,7647,amr
LC,3152,2.2576e+03,4641,6.7916e-01,1.9272e-01,6.8521e-03,10000,nfe
LC,2917,2.4423e+03,4988,5.8480e-01,9.5160e-02,6.9770e-03,10000,afr
LC,4039,2.9822e+03,6088,6.6344e-01,1.7358e-01,6.0561e-03,15000,nfe
LC,3654,3.1502e+03,6401,5.7085e-01,7.8700e-02,6.1865e-03,15000,afr
LC,4792,3.6250e+03,7370,6.5020e-01,1.5835e-01,5.5552e-03,20000,nfe
LC,4167,3.7193e+03,7531,5.5331e-01,5.9450e-02,5.7288e-03,20000,afr
LC,4880,3.7102e+03,7538,6.4739e-01,1.5519e-01,5.5030e-03,20744,nfe
LC,4216,3.7886e+03,7668,5.4982e-01,5.5743e-02,5.6815e-03,20744,afr
LC,5405,4.1901e+03,8477,6.3761e-01,1.4332e-01,5.2209e-03,25000,nfe
LC,5956,4.7266e+03,9521,6.2556e-01,1.2912e-01,4.9600e-03,30000,nfe
LC,6300,5.1101e+03,10263,6.1386e-01,1.1594e-01,4.8059e-03,34029,nfe
missense_variant,12945,1.4199e+04,29568,4.3780e-01,-4.2415e-02,2.8852e-03,10,global
missense_variant,19252,1.9974e+04,42046,4.5788e-01,-1.7178e-02,2.4297e-03,20,global
missense_variant,30125,3.0456e+04,64938,4.6390e-01,-5.0902e-03,1.9570e-03,50,global
missense_variant,42745,4.1111e+04,88382,4.8364e-01,1.8487e-02,1.6810e-03,100,global
missense_variant,55549,5.1652e+04,111606,4.9772e-01,3.4917e-02,1.4967e-03,158,global
missense_variant,63179,5.8273e+04,126174,5.0073e-01,3.8881e-02,1.4076e-03,200,global
missense_variant,101833,8.7494e+04,190787,5.3375e-01,7.5157e-02,1.1421e-03,456,global
missense_variant,108088,9.1875e+04,200507,5.3907e-01,8.0860e-02,1.1132e-03,500,global
missense_variant,169643,1.3492e+05,295594,5.7391e-01,1.1745e-01,9.0955e-04,1000,global
missense_variant,174387,1.3820e+05,302798,5.7592e-01,1.1950e-01,8.9811e-04,1047,global
missense_variant,244829,1.8655e+05,409123,5.9842e-01,1.4246e-01,7.6641e-04,1736,global
missense_variant,268482,2.0308e+05,445191,6.0307e-01,1.4692e-01,7.3328e-04,2000,global
missense_variant,303055,2.2723e+05,498003,6.0854e-01,1.5226e-01,6.9163e-04,2419,global
missense_variant,318240,2.3772e+05,520864,6.1098e-01,1.5459e-01,6.7552e-04,2604,global
missense_variant,484991,3.5715e+05,778627,6.2288e-01,1.6419e-01,5.4926e-04,5000,global
missense_variant,504011,3.7124e+05,808894,6.2309e-01,1.6414e-01,5.3883e-04,5316,global
missense_variant,631599,4.6822e+05,1015241,6.2212e-01,1.6093e-01,4.8120e-04,7647,global
missense_variant,739753,5.5481e+05,1197395,6.1780e-01,1.5445e-01,4.4407e-04,10000,global
missense_variant,933362,7.1735e+05,1534683,6.0818e-01,1.4075e-01,3.9405e-04,15000,global
missense_variant,1092801,8.5977e+05,1825881,5.9851e-01,1.2763e-01,3.6278e-04,20000,global
missense_variant,1114718,8.7988e+05,1866662,5.9717e-01,1.2580e-01,3.5899e-04,20744,global
missense_variant,1229996,9.8894e+05,2086493,5.8950e-01,1.1553e-01,3.4056e-04,25000,global
missense_variant,1350248,1.1075e+06,2323395,5.8115e-01,1.0449e-01,3.2368e-04,30000,global
missense_variant,1436589,1.1962e+06,2499103,5.7484e-01,9.6194e-02,3.1272e-04,34029,global
missense_variant,1555594,1.3198e+06,2742306,5.6726e-01,8.5982e-02,2.9919e-04,40000,global
missense_variant,1729758,1.5086e+06,3109930,5.5620e-01,7.1104e-02,2.8173e-04,50000,global
missense_variant,1881755,1.6806e+06,3441303,5.4681e-01,5.8460e-02,2.6835e-04,60000,global
missense_variant,2016251,1.8378e+06,3742195,5.3879e-01,4.7688e-02,2.5769e-04,70000,global
missense_variant,2077265,1.9113e+06,3882038,5.3510e-01,4.2763e-02,2.5314e-04,75000,global
missense_variant,8803,1.1881e+04,24641,3.5725e-01,-1.2492e-01,3.0527e-03,10,nfe
missense_variant,7918,1.1490e+04,23801,3.3268e-01,-1.5006e-01,3.0541e-03,10,fin
missense_variant,10513,1.3026e+04,27033,3.8890e-01,-9.2978e-02,2.9650e-03,10,mid
missense_variant,12404,1.3969e+04,29015,4.2750e-01,-5.3924e-02,2.9043e-03,10,oth
missense_variant,5940,1.0652e+04,21984,2.7020e-01,-2.1436e-01,2.9949e-03,10,ami
missense_variant,8734,1.1969e+04,24807,3.5208e-01,-1.3039e-01,3.0325e-03,10,asj
missense_variant,16176,1.7126e+04,35775,4.5216e-01,-2.6564e-02,2.6314e-03,10,afr
missense_variant,7875,1.1093e+04,23013,3.4220e-01,-1.3984e-01,3.1275e-03,10,eas
missense_variant,9727,1.2342e+04,25663,3.7903e-01,-1.0190e-01,3.0284e-03,10,sas
missense_variant,10545,1.2851e+04,26669,3.9540e-01,-8.6454e-02,2.9940e-03,10,amr
missense_variant,11112,1.4890e+04,31149,3.5674e-01,-1.2127e-01,2.7142e-03,20,nfe
missense_variant,9079,1.4130e+04,29483,3.0794e-01,-1.7131e-01,2.6886e-03,20,fin
missense_variant,14444,1.7025e+04,35674,4.0489e-01,-7.2346e-02,2.5989e-03,20,mid
missense_variant,16564,1.7911e+04,37586,4.4070e-01,-3.5829e-02,2.5608e-03,20,oth
missense_variant,5666,1.2509e+04,25971,2.1817e-01,-2.6350e-01,2.5628e-03,20,ami
missense_variant,10708,1.4999e+04,31393,3.4110e-01,-1.3670e-01,2.6757e-03,20,asj
missense_variant,20938,2.3071e+04,48705,4.2989e-01,-4.3787e-02,2.2432e-03,20,afr
missense_variant,11043,1.4036e+04,29470,3.7472e-01,-1.0155e-01,2.8197e-03,20,eas
missense_variant,13531,1.6038e+04,33705,4.0145e-01,-7.4369e-02,2.6701e-03,20,sas
missense_variant,14654,1.6938e+04,35446,4.1342e-01,-6.4439e-02,2.6156e-03,20,amr
missense_variant,17818,2.0840e+04,44260,4.0258e-01,-6.8274e-02,2.3311e-03,50,nfe
missense_variant,11316,1.8274e+04,38601,2.9315e-01,-1.8026e-01,2.3169e-03,50,fin
missense_variant,23346,2.4805e+04,52704,4.4296e-01,-2.7690e-02,2.1637e-03,50,mid
missense_variant,28873,2.8608e+04,60912,4.7401e-01,4.3536e-03,2.0232e-03,50,oth
missense_variant,5453,1.5029e+04,31439,1.7345e-01,-3.0460e-01,2.1354e-03,50,ami
missense_variant,14499,2.0220e+04,42926,3.3777e-01,-1.3329e-01,2.2827e-03,50,asj
missense_variant,30490,3.3767e+04,72026,4.2332e-01,-4.5497e-02,1.8410e-03,50,afr
missense_variant,19424,2.0192e+04,43100,4.5067e-01,-1.7830e-02,2.3967e-03,50,eas
missense_variant,23679,2.3798e+04,50774,4.6636e-01,-2.3530e-03,2.2139e-03,50,sas
missense_variant,24230,2.5077e+04,53247,4.5505e-01,-1.5907e-02,2.1580e-03,50,amr
missense_variant,26448,2.7586e+04,59170,4.4698e-01,-1.9240e-02,2.0439e-03,100,nfe
missense_variant,13866,2.2207e+04,47325,2.9300e-01,-1.7625e-01,2.0922e-03,100,fin
missense_variant,32676,3.3312e+04,71447,4.5735e-01,-8.9056e-03,1.8638e-03,100,mid
missense_variant,42975,4.0050e+04,86168,4.9874e-01,3.3940e-02,1.7033e-03,100,oth
missense_variant,5252,1.6713e+04,35086,1.4969e-01,-3.2667e-01,1.9047e-03,100,ami
missense_variant,17743,2.5248e+04,53936,3.2896e-01,-1.3915e-01,2.0231e-03,100,asj
missense_variant,41790,4.4885e+04,96598,4.3262e-01,-3.2035e-02,1.5941e-03,100,afr
missense_variant,30614,2.7947e+04,60305,5.0765e-01,4.4221e-02,2.0358e-03,100,eas
missense_variant,36439,3.2933e+04,71048,5.1288e-01,4.9340e-02,1.8752e-03,100,sas
missense_variant,37335,3.5390e+04,75997,4.9127e-01,2.5589e-02,1.8134e-03,100,amr
missense_variant,35218,3.3878e+04,73109,4.8172e-01,1.8327e-02,1.8480e-03,158,nfe
missense_variant,16071,2.5220e+04,54014,2.9753e-01,-1.6938e-01,1.9671e-03,158,fin
missense_variant,41045,4.0959e+04,88371,4.6446e-01,9.7080e-04,1.6777e-03,158,mid
missense_variant,55619,5.0286e+04,108795,5.1123e-01,4.9021e-02,1.5155e-03,158,oth
missense_variant,5116,1.7747e+04,37352,1.3697e-01,-3.3815e-01,1.7790e-03,158,ami
missense_variant,19766,2.9147e+04,62549,3.1601e-01,-1.4998e-01,1.8589e-03,158,asj
missense_variant,52456,5.4466e+04,117718,4.4561e-01,-1.7072e-02,1.4486e-03,158,afr
missense_variant,41864,3.5397e+04,76918,5.4427e-01,8.4076e-02,1.7958e-03,158,eas
missense_variant,48333,4.1386e+04,89756,5.3849e-01,7.7397e-02,1.6640e-03,158,sas
missense_variant,47750,4.4454e+04,96034,4.9722e-01,3.4316e-02,1.6134e-03,158,amr
missense_variant,41499,3.8064e+04,82467,5.0322e-01,4.1657e-02,1.7411e-03,200,nfe
missense_variant,17552,2.6961e+04,57852,3.0339e-01,-1.6263e-01,1.9113e-03,200,fin
missense_variant,63744,5.6597e+04,122743,5.1933e-01,5.8224e-02,1.4261e-03,200,oth
missense_variant,5068,1.8263e+04,38477,1.3172e-01,-3.4294e-01,1.7240e-03,200,ami
missense_variant,21007,3.1368e+04,67452,3.1144e-01,-1.5360e-01,1.7830e-03,200,asj
missense_variant,59630,6.0473e+04,131035,4.5507e-01,-6.4353e-03,1.3757e-03,200,afr
missense_variant,49431,4.0334e+04,87939,5.6211e-01,1.0345e-01,1.6730e-03,200,eas
missense_variant,56012,4.6736e+04,101776,5.5035e-01,9.1141e-02,1.5593e-03,200,sas
missense_variant,53780,4.9599e+04,107412,5.0069e-01,3.8921e-02,1.5256e-03,200,amr
missense_variant,72618,5.8231e+04,127357,5.7019e-01,1.1297e-01,1.3872e-03,456,nfe
missense_variant,25363,3.4777e+04,75164,3.3744e-01,-1.2525e-01,1.7247e-03,456,fin
missense_variant,104122,8.7049e+04,189961,5.4812e-01,8.9875e-02,1.1419e-03,456,oth
missense_variant,5325,2.0098e+04,42458,1.2542e-01,-3.4795e-01,1.6073e-03,456,ami
missense_variant,25007,3.9859e+04,86323,2.8969e-01,-1.7205e-01,1.5439e-03,456,asj
missense_variant,94961,8.8383e+04,192845,4.9242e-01,3.4111e-02,1.1385e-03,456,afr
missense_variant,87057,6.5125e+04,143159,6.0811e-01,1.5320e-01,1.2902e-03,456,eas
missense_variant,95621,7.4390e+04,163230,5.8581e-01,1.3006e-01,1.2192e-03,456,sas
missense_variant,84253,7.4904e+04,163383,5.1568e-01,5.7220e-02,1.2364e-03,456,amr
missense_variant,77512,6.1326e+04,134254,5.7735e-01,1.2056e-01,1.3482e-03,500,nfe
missense_variant,26557,3.5901e+04,77638,3.4206e-01,-1.2035e-01,1.7026e-03,500,fin
missense_variant,110166,9.1591e+04,199986,5.5087e-01,9.2880e-02,1.1123e-03,500,oth
missense_variant,25576,4.0907e+04,88660,2.8847e-01,-1.7292e-01,1.5215e-03,500,asj
missense_variant,100159,9.2402e+04,201686,4.9661e-01,3.8461e-02,1.1133e-03,500,afr
missense_variant,92375,6.8719e+04,151154,6.1113e-01,1.5650e-01,1.2539e-03,500,eas
missense_variant,101487,7.8534e+04,172394,5.8869e-01,1.3314e-01,1.1851e-03,500,sas
missense_variant,88856,7.8684e+04,171763,5.1732e-01,5.9223e-02,1.2057e-03,500,amr
missense_variant,127661,9.2401e+04,203345,6.2780e-01,1.7340e-01,1.0720e-03,1000,nfe
missense_variant,37560,4.5767e+04,99563,3.7725e-01,-8.2432e-02,1.5361e-03,1000,fin
missense_variant,168087,1.3448e+05,294792,5.7019e-01,1.1399e-01,9.1178e-04,1000,oth
missense_variant,31083,4.9776e+04,108382,2.8679e-01,-1.7248e-01,1.3738e-03,1000,asj
missense_variant,152968,1.3160e+05,288209,5.3075e-01,7.4143e-02,9.2959e-04,1000,afr
missense_variant,145837,1.0518e+05,231964,6.2871e-01,1.7529e-01,1.0032e-03,1000,eas
missense_variant,157292,1.1798e+05,260066,6.0482e-01,1.5116e-01,9.5867e-04,1000,sas
missense_variant,128580,1.1152e+05,244530,5.2583e-01,6.9764e-02,1.0098e-03,1000,amr
missense_variant,131541,9.4870e+04,208858,6.2981e-01,1.7558e-01,1.0566e-03,1047,nfe
missense_variant,38414,4.6468e+04,101135,3.7983e-01,-7.9632e-02,1.5262e-03,1047,fin
missense_variant,172978,1.3809e+05,302746,5.7136e-01,1.1523e-01,8.9942e-04,1047,oth
missense_variant,31477,5.0388e+04,109763,2.8677e-01,-1.7229e-01,1.3651e-03,1047,asj
missense_variant,157214,1.3476e+05,295180,5.3260e-01,7.6054e-02,9.1834e-04,1047,afr
missense_variant,150537,1.0842e+05,239118,6.2955e-01,1.7614e-01,9.8758e-04,1047,eas
missense_variant,162318,1.2159e+05,268010,6.0564e-01,1.5196e-01,9.4401e-04,1047,sas
missense_variant,132289,1.1440e+05,250902,5.2725e-01,7.1283e-02,9.9672e-04,1047,amr
missense_variant,191431,1.3173e+05,290578,6.5879e-01,2.0545e-01,8.7953e-04,1736,nfe
missense_variant,50380,5.6606e+04,123683,4.0733e-01,-5.0339e-02,1.3971e-03,1736,fin
missense_variant,38230,5.8209e+04,127251,3.0043e-01,-1.5700e-01,1.2852e-03,1736,asj
missense_variant,214349,1.7702e+05,388296,5.5202e-01,9.6134e-02,7.9804e-04,1736,afr
missense_variant,209019,1.4933e+05,329449,6.3445e-01,1.8117e-01,8.3903e-04,1736,eas
missense_variant,223675,1.6604e+05,366116,6.1094e-01,1.5742e-01,8.0575e-04,1736,sas
missense_variant,173541,1.4878e+05,326655,5.3127e-01,7.5817e-02,8.7312e-04,1736,amr
missense_variant,212135,1.4475e+05,319311,6.6435e-01,2.1102e-01,8.3567e-04,2000,nfe
missense_variant,54268,5.9852e+04,130903,4.1457e-01,-4.2661e-02,1.3616e-03,2000,fin
missense_variant,234161,1.9163e+05,420521,5.5684e-01,1.0114e-01,7.6604e-04,2000,afr
missense_variant,228055,1.6300e+05,359585,6.3422e-01,1.8091e-01,8.0321e-04,2000,eas
missense_variant,244187,1.8119e+05,399391,6.1140e-01,1.5774e-01,7.7129e-04,2000,sas
missense_variant,188204,1.6055e+05,352540,5.3385e-01,7.8454e-02,8.4017e-04,2000,amr
missense_variant,243454,1.6468e+05,363205,6.7029e-01,2.1689e-01,7.8005e-04,2419,nfe
missense_variant,60229,6.4757e+04,141867,4.2455e-01,-3.1916e-02,1.3123e-03,2419,fin
missense_variant,262537,2.1312e+05,467641,5.6141e-01,1.0567e-01,7.2563e-04,2419,afr
missense_variant,256737,1.8377e+05,405238,6.3355e-01,1.8005e-01,7.5691e-04,2419,eas
missense_variant,274756,2.0426e+05,449841,6.1078e-01,1.5671e-01,7.2696e-04,2419,sas
missense_variant,209578,1.7806e+05,390972,5.3604e-01,8.0610e-02,7.9756e-04,2419,amr
missense_variant,256704,1.7306e+05,381697,6.7253e-01,2.1914e-01,7.5959e-04,2604,nfe
missense_variant,62707,6.6742e+04,146286,4.2866e-01,-2.7580e-02,1.2939e-03,2604,fin
missense_variant,274587,2.2219e+05,487409,5.6336e-01,1.0750e-01,7.1041e-04,2604,afr
missense_variant,268638,1.9256e+05,424443,6.3292e-01,1.7925e-01,7.3985e-04,2604,eas
missense_variant,219726,1.8596e+05,408287,5.3817e-01,8.2690e-02,7.8022e-04,2604,amr
missense_variant,401124,2.6951e+05,592652,6.7683e-01,2.2207e-01,6.0751e-04,5000,nfe
missense_variant,90228,8.8954e+04,195574,4.6135e-01,6.5167e-03,1.1272e-03,5000,fin
missense_variant,401754,3.2324e+05,706619,5.6856e-01,1.1112e-01,5.8919e-04,5000,afr
missense_variant,320720,2.6820e+05,587542,5.4587e-01,8.9384e-02,6.4955e-04,5000,amr
missense_variant,417725,2.8106e+05,617688,6.7627e-01,2.2125e-01,5.9534e-04,5316,nfe
missense_variant,93382,9.1417e+04,201045,4.6448e-01,9.7753e-03,1.1123e-03,5316,fin
missense_variant,415732,3.3485e+05,731643,5.6822e-01,1.1054e-01,5.7908e-04,5316,afr
missense_variant,331445,2.7730e+05,607139,5.4591e-01,8.9187e-02,6.3898e-04,5316,amr
missense_variant,527423,3.6024e+05,788296,6.6907e-01,2.1208e-01,5.2998e-04,7647,nfe
missense_variant,504477,4.1261e+05,898505,5.6146e-01,1.0225e-01,5.2348e-04,7647,afr
missense_variant,406078,3.3985e+05,742156,5.4716e-01,8.9232e-02,5.7781e-04,7647,amr
missense_variant,621880,4.3200e+05,941828,6.6029e-01,2.0161e-01,4.8802e-04,10000,nfe
missense_variant,578072,4.8143e+05,1044681,5.5335e-01,9.2510e-02,4.8640e-04,10000,afr
missense_variant,788255,5.6772e+05,1228302,6.4174e-01,1.7955e-01,4.3264e-04,15000,nfe
missense_variant,699575,6.0575e+05,1305944,5.3569e-01,7.1846e-02,4.3641e-04,15000,afr
missense_variant,921872,6.8550e+05,1473224,6.2575e-01,1.6044e-01,3.9870e-04,20000,nfe
missense_variant,790089,7.0925e+05,1521080,5.1943e-01,5.3147e-02,4.0510e-04,20000,afr
missense_variant,939424,7.0156e+05,1506424,6.2361e-01,1.5790e-01,3.9473e-04,20744,nfe
missense_variant,802213,7.2355e+05,1550621,5.1735e-01,5.0729e-02,4.0129e-04,20744,afr
missense_variant,1034856,7.9135e+05,1690958,6.1199e-01,1.4401e-01,3.7474e-04,25000,nfe
missense_variant,1134422,8.8854e+05,1889047,6.0053e-01,1.3016e-01,3.5636e-04,30000,nfe
missense_variant,1205397,9.6073e+05,2034940,5.9235e-01,1.2024e-01,3.4447e-04,34029,nfe
synonymous_variant,11388,1.3602e+04,29870,3.8125e-01,-7.4113e-02,2.8103e-03,10,global
synonymous_variant,15850,1.8369e+04,40800,3.8848e-01,-6.1745e-02,2.4130e-03,20,global
synonymous_variant,22545,2.6209e+04,59042,3.8185e-01,-6.2058e-02,1.9995e-03,50,global
synonymous_variant,29898,3.3321e+04,75459,3.9622e-01,-4.5367e-02,1.7805e-03,100,global
synonymous_variant,36977,4.0173e+04,91389,4.0461e-01,-3.4968e-02,1.6236e-03,158,global
synonymous_variant,40885,4.4380e+04,101168,4.0413e-01,-3.4543e-02,1.5428e-03,200,global
synonymous_variant,61585,6.1630e+04,141255,4.3598e-01,-3.2062e-04,1.3194e-03,456,global
synonymous_variant,64842,6.4156e+04,147091,4.4083e-01,4.6664e-03,1.2945e-03,500,global
synonymous_variant,96871,8.8117e+04,202513,4.7834e-01,4.3226e-02,1.1100e-03,1000,global
synonymous_variant,99206,8.9836e+04,206484,4.8045e-01,4.5379e-02,1.0995e-03,1047,global
synonymous_variant,135163,1.1581e+05,266227,5.0770e-01,7.2705e-02,9.6893e-04,1736,global
synonymous_variant,147188,1.2459e+05,286175,5.1433e-01,7.8951e-02,9.3428e-04,2000,global
synonymous_variant,163851,1.3698e+05,314307,5.2131e-01,8.5507e-02,8.9104e-04,2419,global
synonymous_variant,171368,1.4241e+05,326597,5.2471e-01,8.8668e-02,8.7384e-04,2604,global
synonymous_variant,250846,2.0281e+05,461770,5.4323e-01,1.0403e-01,7.3304e-04,5000,global
synonymous_variant,259830,2.0978e+05,477323,5.4435e-01,1.0485e-01,7.2086e-04,5316,global
synonymous_variant,319601,2.5793e+05,582972,5.4823e-01,1.0578e-01,6.5180e-04,7647,global
synonymous_variant,369105,3.0026e+05,674738,5.4703e-01,1.0204e-01,6.0600e-04,10000,global
synonymous_variant,454771,3.7829e+05,840784,5.4089e-01,9.0959e-02,5.4346e-04,15000,global
synonymous_variant,523668,4.4569e+05,981561,5.3351e-01,7.9443e-02,5.0354e-04,20000,global
synonymous_variant,532836,4.5508e+05,1001066,5.3227e-01,7.7671e-02,4.9869e-04,20744,global
synonymous_variant,581519,5.0585e+05,1105437,5.2605e-01,6.8456e-02,4.7491e-04,25000,global
synonymous_variant,632687,5.6105e+05,1217509,5.1966e-01,5.8836e-02,4.5279e-04,30000,global
synonymous_variant,668929,6.0190e+05,1299546,5.1474e-01,5.1582e-02,4.3841e-04,34029,global
synonymous_variant,716659,6.5815e+05,1411594,5.0769e-01,4.1449e-02,4.2079e-04,40000,global
synonymous_variant,788015,7.4419e+05,1581084,4.9840e-01,2.7720e-02,3.9764e-04,50000,global
synonymous_variant,848001,8.2107e+05,1730607,4.9000e-01,1.5559e-02,3.8000e-04,60000,global
synonymous_variant,901745,8.9121e+05,1865808,4.8330e-01,5.6440e-03,3.6584e-04,70000,global
synonymous_variant,925811,9.2385e+05,1928392,4.8009e-01,1.0144e-03,3.5977e-04,75000,global
synonymous_variant,6917,1.1177e+04,24318,2.8444e-01,-1.7516e-01,2.8930e-03,10,nfe
synonymous_variant,6162,1.0821e+04,23544,2.6172e-01,-1.9790e-01,2.8648e-03,10,fin
synonymous_variant,8822,1.2391e+04,27086,3.2570e-01,-1.3178e-01,2.8475e-03,10,mid
synonymous_variant,10907,1.3474e+04,29510,3.6960e-01,-8.6996e-02,2.8099e-03,10,oth
synonymous_variant,4833,1.0205e+04,22085,2.1884e-01,-2.4324e-01,2.7822e-03,10,ami
synonymous_variant,7149,1.1330e+04,24747,2.8888e-01,-1.6893e-01,2.8812e-03,10,asj
synonymous_variant,14846,1.6785e+04,37166,3.9945e-01,-5.2170e-02,2.5406e-03,10,afr
synonymous_variant,6360,1.0502e+04,22845,2.7840e-01,-1.8129e-01,2.9654e-03,10,eas
synonymous_variant,7818,1.1694e+04,25526,3.0628e-01,-1.5184e-01,2.8851e-03,10,sas
synonymous_variant,8642,1.2136e+04,26524,3.2582e-01,-1.3174e-01,2.8778e-03,10,amr
synonymous_variant,8032,1.3330e+04,29279,2.7433e-01,-1.8096e-01,2.6075e-03,20,nfe
synonymous_variant,6396,1.2630e+04,27679,2.3108e-01,-2.2524e-01,2.5336e-03,20,fin
synonymous_variant,11179,1.5332e+04,33861,3.3014e-01,-1.2266e-01,2.5556e-03,20,mid
synonymous_variant,13677,1.6499e+04,36519,3.7452e-01,-7.7265e-02,2.5327e-03,20,oth
synonymous_variant,4292,1.1580e+04,25232,1.7010e-01,-2.8886e-01,2.3653e-03,20,ami
synonymous_variant,7959,1.3563e+04,29825,2.6686e-01,-1.8790e-01,2.5612e-03,20,asj
synonymous_variant,17569,2.1519e+04,48143,3.6493e-01,-8.2048e-02,2.1941e-03,20,afr
synonymous_variant,7889,1.2530e+04,27518,2.8669e-01,-1.6864e-01,2.7261e-03,20,eas
synonymous_variant,9888,1.4296e+04,31582,3.1309e-01,-1.3956e-01,2.6095e-03,20,sas
synonymous_variant,11833,1.5483e+04,34157,3.4643e-01,-1.0686e-01,2.5746e-03,20,amr
synonymous_variant,11706,1.7219e+04,38271,3.0587e-01,-1.4404e-01,2.3553e-03,50,nfe
synonymous_variant,7208,1.5291e+04,33816,2.1315e-01,-2.3902e-01,2.2271e-03,50,fin
synonymous_variant,16829,2.0865e+04,46659,3.6068e-01,-8.6503e-02,2.2231e-03,50,mid
synonymous_variant,21848,2.4565e+04,55148,3.9617e-01,-4.9269e-02,2.0827e-03,50,oth
synonymous_variant,3829,1.3320e+04,29241,1.3095e-01,-3.2459e-01,1.9728e-03,50,ami
synonymous_variant,9706,1.7058e+04,37920,2.5596e-01,-1.9387e-01,2.2410e-03,50,asj
synonymous_variant,22642,2.9424e+04,66463,3.4067e-01,-1.0204e-01,1.8384e-03,50,afr
synonymous_variant,12510,1.6424e+04,36632,3.4150e-01,-1.0684e-01,2.4777e-03,50,eas
synonymous_variant,16215,1.9595e+04,43914,3.6924e-01,-7.6979e-02,2.3030e-03,50,sas
synonymous_variant,17870,2.1446e+04,47937,3.7278e-01,-7.4607e-02,2.2085e-03,50,amr
synonymous_variant,16434,2.1247e+04,47596,3.4528e-01,-1.0111e-01,2.1794e-03,100,nfe
synonymous_variant,8273,1.7652e+04,39281,2.1061e-01,-2.3877e-01,2.0573e-03,100,fin
synonymous_variant,22111,2.6413e+04,59587,3.7107e-01,-7.2192e-02,1.9790e-03,100,mid
synonymous_variant,29931,3.2370e+04,73302,4.0832e-01,-3.3270e-02,1.8155e-03,100,oth
synonymous_variant,3425,1.4398e+04,31688,1.0809e-01,-3.4628e-01,1.7442e-03,100,ami
synonymous_variant,11310,2.0213e+04,45209,2.5017e-01,-1.9694e-01,2.0370e-03,100,asj
synonymous_variant,28714,3.6993e+04,84078,3.4152e-01,-9.8473e-02,1.6354e-03,100,afr
synonymous_variant,18771,2.1054e+04,47486,3.9530e-01,-4.8075e-02,2.2436e-03,100,eas
synonymous_variant,23498,2.5276e+04,57169,4.1103e-01,-3.1094e-02,2.0578e-03,100,sas
synonymous_variant,25597,2.8390e+04,64073,3.9950e-01,-4.3584e-02,1.9350e-03,100,amr
synonymous_variant,20906,2.4716e+04,55731,3.7512e-01,-6.8368e-02,2.0509e-03,158,nfe
synonymous_variant,9347,1.9348e+04,43268,2.1603e-01,-2.3115e-01,1.9784e-03,158,fin
synonymous_variant,26872,3.1195e+04,70713,3.8001e-01,-6.1129e-02,1.8253e-03,158,mid
synonymous_variant,37242,3.9020e+04,88815,4.1932e-01,-2.0021e-02,1.6558e-03,158,oth
synonymous_variant,3185,1.5015e+04,33101,9.6221e-02,-3.5740e-01,1.6209e-03,158,ami
synonymous_variant,12340,2.2553e+04,50689,2.4345e-01,-2.0149e-01,1.9062e-03,158,asj
synonymous_variant,34637,4.3239e+04,98619,3.5122e-01,-8.7226e-02,1.5201e-03,158,afr
synonymous_variant,25042,2.5356e+04,57529,4.3529e-01,-5.4667e-03,2.0671e-03,158,eas
synonymous_variant,29908,3.0234e+04,68655,4.3563e-01,-4.7455e-03,1.8924e-03,158,sas
synonymous_variant,31769,3.4307e+04,77855,4.0805e-01,-3.2604e-02,1.7614e-03,158,amr
synonymous_variant,24496,2.7119e+04,61393,3.9900e-01,-4.2730e-02,1.9764e-03,200,nfe
synonymous_variant,10099,2.0300e+04,45469,2.2211e-01,-2.2436e-01,1.9493e-03,200,fin
synonymous_variant,41548,4.2845e+04,97739,4.2509e-01,-1.3266e-02,1.5813e-03,200,oth
synonymous_variant,3135,1.5325e+04,33809,9.2727e-02,-3.6055e-01,1.5774e-03,200,ami
synonymous_variant,12732,2.3823e+04,53634,2.3739e-01,-2.0679e-01,1.8372e-03,200,asj
synonymous_variant,38389,4.6921e+04,107200,3.5811e-01,-7.9588e-02,1.4643e-03,200,afr
synonymous_variant,29174,2.8154e+04,64035,4.5559e-01,1.5926e-02,1.9681e-03,200,eas
synonymous_variant,33993,3.3304e+04,75815,4.4837e-01,9.0929e-03,1.8062e-03,200,sas
synonymous_variant,35019,3.7494e+04,85273,4.1067e-01,-2.9024e-02,1.6847e-03,200,amr
synonymous_variant,41045,3.8084e+04,87041,4.7156e-01,3.4020e-02,1.6920e-03,456,nfe
synonymous_variant,13598,2.4416e+04,55088,2.4684e-01,-1.9638e-01,1.8371e-03,456,fin
synonymous_variant,62822,6.0868e+04,139567,4.5012e-01,1.4000e-02,1.3317e-03,456,oth
synonymous_variant,3091,1.6411e+04,36283,8.5191e-02,-3.6710e-01,1.4656e-03,456,ami
synonymous_variant,14217,2.8552e+04,64647,2.1992e-01,-2.2175e-01,1.6290e-03,456,asj
synonymous_variant,57111,6.3447e+04,145652,3.9211e-01,-4.3502e-02,1.2793e-03,456,afr
synonymous_variant,49141,4.1630e+04,95607,5.1399e-01,7.8566e-02,1.6164e-03,456,eas
synonymous_variant,56125,4.9219e+04,112961,4.9685e-01,6.1139e-02,1.4876e-03,456,sas
synonymous_variant,50974,5.2439e+04,119996,4.2480e-01,-1.2206e-02,1.4270e-03,456,amr
synonymous_variant,43750,3.9763e+04,91001,4.8076e-01,4.3808e-02,1.6562e-03,500,nfe
synonymous_variant,14152,2.4985e+04,56432,2.5078e-01,-1.9197e-01,1.8247e-03,500,fin
synonymous_variant,65974,6.3439e+04,145532,4.5333e-01,1.7417e-02,1.3049e-03,500,oth
synonymous_variant,14426,2.9115e+04,65970,2.1868e-01,-2.2267e-01,1.6093e-03,500,asj
synonymous_variant,59957,6.5759e+04,150988,3.9710e-01,-3.8426e-02,1.2592e-03,500,afr
synonymous_variant,51975,4.3559e+04,100122,5.1912e-01,8.4058e-02,1.5790e-03,500,eas
synonymous_variant,59359,5.1549e+04,118391,5.0138e-01,6.5968e-02,1.4531e-03,500,sas
synonymous_variant,53273,5.4619e+04,125082,4.2590e-01,-1.0764e-02,1.3981e-03,500,amr
synonymous_variant,69604,5.6007e+04,129001,5.3956e-01,1.0540e-01,1.3877e-03,1000,nfe
synonymous_variant,19172,2.9888e+04,67827,2.8266e-01,-1.5799e-01,1.7290e-03,1000,fin
synonymous_variant,95812,8.7338e+04,200776,4.7721e-01,4.2205e-02,1.1147e-03,1000,oth
synonymous_variant,16180,3.3604e+04,76407,2.1176e-01,-2.2805e-01,1.4780e-03,1000,asj
synonymous_variant,86833,8.7496e+04,201271,4.3142e-01,-3.2926e-03,1.1040e-03,1000,afr
synonymous_variant,79563,6.2753e+04,144858,5.4925e-01,1.1605e-01,1.3073e-03,1000,eas
synonymous_variant,87915,7.2652e+04,167608,5.2453e-01,9.1066e-02,1.2198e-03,1000,sas
synonymous_variant,74010,7.3207e+04,168097,4.4028e-01,4.7779e-03,1.2108e-03,1000,amr
synonymous_variant,71613,5.7274e+04,131961,5.4268e-01,1.0866e-01,1.3714e-03,1047,nfe
synonymous_variant,19483,3.0212e+04,68573,2.8412e-01,-1.5645e-01,1.7222e-03,1047,fin
synonymous_variant,98257,8.9301e+04,205315,4.7857e-01,4.3620e-02,1.1025e-03,1047,oth
synonymous_variant,16402,3.3934e+04,77191,2.1249e-01,-2.2712e-01,1.4723e-03,1047,asj
synonymous_variant,88967,8.9200e+04,205220,4.3352e-01,-1.1370e-03,1.0939e-03,1047,afr
synonymous_variant,81995,6.4420e+04,148722,5.5133e-01,1.1818e-01,1.2897e-03,1047,eas
synonymous_variant,90691,7.4702e+04,172330,5.2626e-01,9.2784e-02,1.2028e-03,1047,sas
synonymous_variant,75945,7.4798e+04,171748,4.4219e-01,6.6771e-03,1.1984e-03,1047,amr
synonymous_variant,101765,7.6213e+04,175801,5.7886e-01,1.4534e-01,1.1776e-03,1736,nfe
synonymous_variant,24881,3.5041e+04,79783,3.1186e-01,-1.2734e-01,1.6401e-03,1736,fin
synonymous_variant,19008,3.7773e+04,86090,2.2079e-01,-2.1797e-01,1.4137e-03,1736,asj
synonymous_variant,117174,1.1166e+05,256940,4.5604e-01,2.1453e-02,9.8258e-04,1736,afr
synonymous_variant,111425,8.5415e+04,197283,5.6480e-01,1.3184e-01,1.1162e-03,1736,eas
synonymous_variant,122218,9.8337e+04,226728,5.3905e-01,1.0533e-01,1.0469e-03,1736,sas
synonymous_variant,96665,9.3182e+04,214268,4.5114e-01,1.6254e-02,1.0750e-03,1736,amr
synonymous_variant,112020,8.2846e+04,191137,5.8607e-01,1.5263e-01,1.1266e-03,2000,nfe
synonymous_variant,26440,3.6492e+04,83167,3.1791e-01,-1.2087e-01,1.6147e-03,2000,fin
synonymous_variant,126924,1.1942e+05,274646,4.6214e-01,2.7318e-02,9.5134e-04,2000,afr
synonymous_variant,120733,9.2370e+04,213308,5.6600e-01,1.3297e-01,1.0731e-03,2000,eas
synonymous_variant,132361,1.0621e+05,244855,5.4057e-01,1.0681e-01,1.0071e-03,2000,sas
synonymous_variant,104437,9.9614e+04,228963,4.5613e-01,2.1063e-02,1.0409e-03,2000,amr
synonymous_variant,127321,9.2785e+04,214091,5.9471e-01,1.6131e-01,1.0611e-03,2419,nfe
synonymous_variant,29075,3.8751e+04,88418,3.2884e-01,-1.0943e-01,1.5799e-03,2419,fin
synonymous_variant,140767,1.3059e+05,300066,4.6912e-01,3.3911e-02,9.1103e-04,2419,afr
synonymous_variant,135143,1.0296e+05,237646,5.6867e-01,1.3542e-01,1.0159e-03,2419,eas
synonymous_variant,147438,1.1821e+05,272229,5.4160e-01,1.0738e-01,9.5498e-04,2419,sas
synonymous_variant,115285,1.0890e+05,250310,4.6057e-01,2.5510e-02,9.9627e-04,2419,amr
synonymous_variant,133504,9.6922e+04,223506,5.9732e-01,1.6368e-01,1.0374e-03,2604,nfe
synonymous_variant,30206,3.9690e+04,90602,3.3339e-01,-1.0468e-01,1.5662e-03,2604,fin
synonymous_variant,146470,1.3524e+05,310662,4.7148e-01,3.6159e-02,8.9561e-04,2604,afr
synonymous_variant,140973,1.0741e+05,247820,5.6885e-01,1.3542e-01,9.9482e-04,2604,eas
synonymous_variant,120091,1.1285e+05,259373,4.6301e-01,2.7908e-02,9.7907e-04,2604,amr
synonymous_variant,202054,1.4405e+05,331024,6.1039e-01,1.7523e-01,8.4760e-04,5000,nfe
synonymous_variant,42265,4.9839e+04,114200,3.7010e-01,-6.6324e-02,1.4288e-03,5000,fin
synonymous_variant,206509,1.8625e+05,425546,4.8528e-01,4.7607e-02,7.6614e-04,5000,afr
synonymous_variant,168839,1.5484e+05,354764,4.7592e-01,3.9456e-02,8.3849e-04,5000,amr
synonymous_variant,209874,1.4970e+05,343728,6.1058e-01,1.7507e-01,8.3171e-04,5316,nfe
synonymous_variant,43764,5.1006e+04,116902,3.7436e-01,-6.1951e-02,1.4155e-03,5316,fin
synonymous_variant,213297,1.9213e+05,438627,4.8628e-01,4.8248e-02,7.5467e-04,5316,afr
synonymous_variant,173886,1.5942e+05,365036,4.7635e-01,3.9623e-02,8.2664e-04,5316,amr
synonymous_variant,260020,1.8779e+05,429086,6.0599e-01,1.6832e-01,7.4596e-04,7647,nfe
synonymous_variant,254294,2.3053e+05,523736,4.8554e-01,4.5375e-02,6.9061e-04,7647,afr
synonymous_variant,209472,1.9083e+05,435406,4.8110e-01,4.2809e-02,7.5720e-04,7647,amr
synonymous_variant,302361,2.2182e+05,504429,5.9941e-01,1.5966e-01,6.8994e-04,10000,nfe
synonymous_variant,286876,2.6370e+05,596392,4.8102e-01,3.8868e-02,6.4698e-04,10000,afr
synonymous_variant,376006,2.8522e+05,642658,5.8508e-01,1.4127e-01,6.1461e-04,15000,nfe
synonymous_variant,340121,3.2340e+05,725154,4.6903e-01,2.3061e-02,5.8603e-04,15000,afr
synonymous_variant,432948,3.3942e+05,758887,5.7050e-01,1.2324e-01,5.6823e-04,20000,nfe
synonymous_variant,378020,3.7209e+05,828635,4.5620e-01,7.1532e-03,5.4716e-04,20000,afr
synonymous_variant,440510,3.4678e+05,774513,5.6876e-01,1.2102e-01,5.6274e-04,20744,nfe
synonymous_variant,382794,3.7873e+05,842660,4.5427e-01,4.8259e-03,5.4240e-04,20744,afr
synonymous_variant,480030,3.8725e+05,860076,5.5813e-01,1.0788e-01,5.3548e-04,25000,nfe
synonymous_variant,520407,4.3079e+05,951170,5.4712e-01,9.4214e-02,5.1039e-04,30000,nfe
synonymous_variant,548740,4.6293e+05,1017656,5.3922e-01,8.4317e-02,4.9412e-04,34029,nfe
