context,ref,alt,methylation_level,N_variants,N_singletons,ps,mu_snp
AAA,A,C,0,1421,831,5.8480e-01,1.8303e-09
AAA,A,G,0,23828,12802,5.3727e-01,3.0288e-09
AAA,A,T,0,1215,698,5.7449e-01,1.0670e-09
AAC,A,C,0,503,316,6.2823e-01,1.3911e-09
AAC,A,G,0,25629,13256,5.1723e-01,5.2457e-09
AAC,A,T,0,495,306,6.1818e-01,1.3560e-09
AAG,A,C,0,5546,3303,5.9556e-01,1.4983e-09
AAG,A,G,0,37544,20376,5.4272e-01,3.9291e-09
AAG,A,T,0,2052,1240,6.0429e-01,9.4450e-10
AAT,A,G,0,33603,15915,4.7362e-01,7.7544e-09
ACA,C,A,0,3694,2144,5.8040e-01,2.9409e-09
ACA,C,G,0,4890,2814,5.7546e-01,2.3710e-09
ACA,C,T,0,60510,32657,5.3970e-01,9.3201e-09
ACC,C,A,0,2571,1431,5.5659e-01,5.7034e-09
ACC,C,G,0,1280,721,5.6328e-01,2.4639e-09
ACC,C,T,0,44737,23624,5.2806e-01,9.9720e-09
ACG,C,A,0,244,146,5.9836e-01,6.6879e-09
ACG,C,G,0,214,123,5.7477e-01,4.9426e-09
ACG,C,T,0,1799,862,4.7916e-01,2.6612e-08
ACG,C,T,1,1410,669,4.7447e-01,1.0750e-07
ACG,C,T,2,108671,17842,1.6418e-01,1.4169e-07
ACT,C,A,0,1,1,1.0000e+00,2.0967e-09
ACT,C,G,0,1,0,0.0000e+00,3.0337e-09
ACT,C,T,0,52896,28723,5.4301e-01,7.9566e-09
CAA,A,C,0,7568,4359,5.7598e-01,1.9615e-09
CAA,A,G,0,27989,15152,5.4136e-01,3.8238e-09
CAA,A,T,0,4696,2828,6.0221e-01,9.1862e-10
CAC,A,C,0,7816,4187,5.3570e-01,1.8485e-09
CAC,A,G,0,31545,16790,5.3226e-01,5.0796e-09
CAC,A,T,0,5017,2829,5.6388e-01,1.4118e-09
CAG,A,C,0,22036,12794,5.8060e-01,1.6210e-09
CAG,A,G,0,62135,33303,5.3598e-01,5.2348e-09
CAG,A,T,0,12421,7322,5.8949e-01,1.1632e-09
CAT,A,C,0,3875,2203,5.6852e-01,2.0022e-09
CAT,A,G,0,69199,34846,5.0356e-01,1.1275e-08
CAT,A,T,0,4128,2376,5.7558e-01,2.3466e-09
CCA,C,A,0,16801,9481,5.6431e-01,2.1462e-09
CCA,C,G,0,20389,11606,5.6923e-01,1.7760e-09
CCA,C,T,0,79549,43825,5.5092e-01,6.7244e-09
CCC,C,A,0,16834,9485,5.6344e-01,3.0275e-09
CCC,C,G,0,21178,11857,5.5987e-01,3.2054e-09
CCC,C,T,0,60559,32483,5.3639e-01,8.5724e-09
CCG,C,A,0,1619,846,5.2254e-01,5.1901e-09
CCG,C,G,0,2279,1174,5.1514e-01,5.3627e-09
CCG,C,T,0,4378,2047,4.6757e-01,2.0993e-08
CCG,C,T,1,4503,2209,4.9056e-01,8.2387e-08
CCG,C,T,2,156882,31379,2.0002e-01,1.2483e-07
CCT,C,A,0,5869,3393,5.7812e-01,1.7092e-09
CCT,C,G,0,12771,7234,5.6644e-01,2.6842e-09
CCT,C,T,0,105004,57107,5.4386e-01,8.1422e-09
GAA,A,C,0,3400,1949,5.7324e-01,1.2103e-09
GAA,A,G,0,13238,7424,5.6081e-01,3.0181e-09
GAA,A,T,0,3013,1857,6.1633e-01,9.4166e-10
GAC,A,C,0,1778,959,5.3937e-01,1.0495e-09
GAC,A,G,0,11158,6191,5.5485e-01,4.2353e-09
GAC,A,T,0,2290,1287,5.6201e-01,1.8684e-09
GAG,A,C,0,9020,5160,5.7206e-01,1.2532e-09
GAG,A,G,0,19256,10741,5.5780e-01,3.1245e-09
GAG,A,T,0,5646,3333,5.9033e-01,1.1340e-09
GAT,A,C,0,706,420,5.9490e-01,1.0943e-09
GAT,A,G,0,13679,7373,5.3900e-01,5.3443e-09
GAT,A,T,0,1507,874,5.7996e-01,2.9242e-09
GCA,C,A,0,12961,7401,5.7102e-01,3.3394e-09
GCA,C,G,0,9363,5361,5.7257e-01,1.6675e-09
GCA,C,T,0,53987,29811,5.5219e-01,6.8845e-09
GCC,C,A,0,11008,6353,5.7713e-01,3.7538e-09
GCC,C,G,0,6951,4023,5.7877e-01,2.2808e-09
GCC,C,T,0,48568,25873,5.3272e-01,8.6359e-09
GCG,C,A,0,1615,877,5.4303e-01,8.8520e-09
GCG,C,G,0,958,515,5.3758e-01,3.9695e-09
GCG,C,T,0,3430,1703,4.9650e-01,1.4846e-08
GCG,C,T,1,2861,1447,5.0577e-01,7.0178e-08
GCG,C,T,2,104584,23682,2.2644e-01,1.2296e-07
GCT,C,A,0,2683,1504,5.6057e-01,2.0008e-09
GCT,C,G,0,3447,1992,5.7789e-01,2.3044e-09
GCT,C,T,0,79236,43082,5.4372e-01,7.7891e-09
TAA,A,C,0,2608,1496,5.7362e-01,1.3516e-09
TAA,A,G,0,14646,8006,5.4663e-01,4.1342e-09
TAA,A,T,0,2599,1536,5.9100e-01,1.8172e-09
TAC,A,C,0,1574,855,5.4320e-01,1.0244e-09
TAC,A,G,0,13736,7241,5.2715e-01,6.1812e-09
TAC,A,T,0,1641,973,5.9293e-01,1.1486e-09
TAG,A,C,0,4095,2393,5.8437e-01,1.0799e-09
TAG,A,G,0,17667,9491,5.3722e-01,5.1781e-09
TAG,A,T,0,3269,1968,6.0202e-01,1.0818e-09
TAT,A,C,0,949,531,5.5954e-01,1.1890e-09
TAT,A,G,0,27077,13059,4.8229e-01,1.1196e-08
TAT,A,T,0,1153,676,5.8630e-01,1.8687e-09
TCA,C,A,0,9985,5862,5.8708e-01,2.3099e-09
TCA,C,G,0,12123,6905,5.6958e-01,2.1414e-09
TCA,C,T,0,51348,28354,5.5219e-01,5.7989e-09
TCC,C,A,0,11640,6720,5.7732e-01,2.5995e-09
TCC,C,G,0,9870,5691,5.7660e-01,2.5440e-09
TCC,C,T,0,48955,26262,5.3645e-01,7.6664e-09
TCG,C,A,0,425,224,5.2706e-01,5.1503e-09
TCG,C,G,0,415,223,5.3735e-01,5.5213e-09
TCG,C,T,0,1444,677,4.6884e-01,1.9329e-08
TCG,C,T,1,1110,535,4.8198e-01,7.2389e-08
TCG,C,T,2,79093,18172,2.2975e-01,1.0005e-07
TCT,C,A,0,4443,2641,5.9442e-01,2.6557e-09
TCT,C,G,0,7860,4324,5.5013e-01,3.5919e-09
TCT,C,T,0,61337,34054,5.5520e-01,5.5597e-09
